HDR|08|2019
intor00000156648134|ioreg00000156648134|MTYFU|100.0
intor00000151757741|ioreg00000151757741|YKAEX|300.0
intor00000149965321|ioreg00000149965321|HUMGL|100.0
intor00000156394146|ioreg00000156394146|MEXRE|100.0
intor00000154274296|ioreg00000154274296|ZYLMB|100.0
intor00000152344161|ioreg00000152344161|AVLNC|100.0
intor00000155677851|ioreg00000155677851|RSTEV|50.0
intor00000155039840|ioreg00000155039840|MCOJY|100.0
intor00000148204434|ioreg00000148204434|IDAFI|100.0
intor00000154682352|ioreg00000154682352|PGFEX|100.0
intor00000154239922|ioreg00000154239922|CNTRX|50.0
intor00000152054716|ioreg00000152054716|PITBR|100.0
intor00000154239637|ioreg00000154239637|CLTMO|100.0
intor00000148388054|ioreg00000148388054|YLGCA|50.0
intor00000155869292|ioreg00000155869292|FMYCF|100.0
intor00000149675330|ioreg00000149675330|PANHB|100.0
intor00000155677862|ioreg00000155677862|JNSVL|100.0
intor00000153491003|ioreg00000153491003|TPASB|100.0
intor00000155037869|ioreg00000155037869|TIJOT|100.0
intor00000152389843|ioreg00000152389843|GRRGV|100.0
intor00000154816644|ioreg00000154816644|TOTNJ|100.0
intor00000155655257|ioreg00000155655257|MTYSN|100.0
intor00000154480890|ioreg00000154480890|POPCN|30.0
intor00000152617286|ioreg00000152617286|SNALF|100.0
intor00000156381637|ioreg00000156381637|HYRWD|30.0
intor00000154112931|ioreg00000154112931|ODSJS|50.0
intor00000152634944|ioreg00000152634944|SQVSE|100.0
intor00000152263541|ioreg00000152263541|YULCA|100.0
intor00000153839138|ioreg00000153839138|PTWLP|100.0
intor00000147838934|ioreg00000147838934|NGHOB|100.0
intor00000154723973|ioreg00000154723973|SFOFS|100.0
intor00000157801166|ioreg00000157801166|NYCAT|50.0
intor00000154174536|ioreg00000154174536|LOVES|100.0
intor00000157152692|ioreg00000157152692|SGHIL|60.0
intor00000157152694|ioreg00000157152694|SGHIL|60.0
intor00000155591298|ioreg00000155591298|PCUMS|100.0
intor00000154896484|ioreg00000154896484|MIADO|100.0
intor00000156383179|ioreg00000156383179|JPDCA|30.0
intor00000148392914|ioreg00000148392914|LOVES|100.0
intor00000155677904|ioreg00000155677904|PIESB|50.0
intor00000156400903|ioreg00000156400903|LAXHB|100.0
intor00000155138085|ioreg00000155138085|TLUDR|100.0
intor00000152344133|ioreg00000152344133|ECGKH|100.0
intor00000158317939|ioreg00000158317939|CLTKM|100.0
intor00000157445130|ioreg00000157445130|REXMX|100.0
intor00000154240072|ioreg00000154240072|PXEMP|50.0
intor00000153214389|ioreg00000153214389|VEAAV|50.0
intor00000152390388|ioreg00000152390388|GRRYM|100.0
intor00000157439509|ioreg00000157439509|CHSCC|100.0
intor00000153824875|ioreg00000153824875|YQGRS|100.0
intor00000156764502|ioreg00000156764502|ORGES|100.0
intor00000154240955|ioreg00000154240955|DEMEX|100.0
intor00000149018025|ioreg00000149018025|DFWPN|100.0
intor00000150442968|ioreg00000150442968|BOSFS|100.0
intor00000150451668|ioreg00000150451668|LAXSA|100.0
intor00000156505808|ioreg00000156505808|OKCBQ|30.0
intor00000151576825|ioreg00000151576825|ATLCN|100.0
intor00000152344146|ioreg00000152344146|MEXMK|100.0
intor00000153828025|ioreg00000153828025|MQYCW|100.0
intor00000153897672|ioreg00000153897672|LITCB|50.0
intor00000156764232|ioreg00000156764232|INDFI|60.0
intor00000151579871|ioreg00000151579871|ATLBL|100.0
intor00000157552526|ioreg00000157552526|DBQPV|50.0
intor00000156403146|ioreg00000156403146|TCCFS|100.0
intor00000157950207|ioreg00000157950207|SLWVC|50.0
intor00000150462303|ioreg00000150462303|NGHOB|100.0
intor00000146676756|ioreg00000146676756|CHIBS|100.0
intor00000154391275|ioreg00000154391275|MTYCP|100.0
intor00000152249310|ioreg00000152249310|YULSH|100.0
intor00000153622885|ioreg00000153622885|MTYRR|100.0
intor00000154371757|ioreg00000154371757|BNATN|100.0
intor00000153760053|ioreg00000153760053|SANRX|50.0
intor00000158517022|ioreg00000158517022|XVVON|60.0
intor00000154905687|ioreg00000154905687|PCUMS|100.0
intor00000153544393|ioreg00000153544393|MKCWS|100.0
intor00000153502797|ioreg00000153502797|CLEHR|100.0
intor00000156494047|ioreg00000156494047|YOWGQ|30.0
intor00000154240117|ioreg00000154240117|MBTCP|100.0
intor00000154102868|ioreg00000154102868|ECPFB|30.0
intor00000151583933|ioreg00000151583933|CAEAT|50.0
intor00000152866439|ioreg00000152866439|PSLSB|100.0
intor00000157568058|ioreg00000157568058|PGASV|100.0
intor00000148955760|ioreg00000148955760|IDAFI|100.0
intor00000154378308|ioreg00000154378308|DTTBR|100.0
intor00000154906646|ioreg00000154906646|CLESH|100.0
intor00000156360989|ioreg00000156360989|STLPE|30.0
intor00000154284624|ioreg00000154284624|HESOR|100.0
intor00000153278904|ioreg00000153278904|MEXRE|100.0
intor00000157158353|ioreg00000157158353|MSGCA|50.0
intor00000157557062|ioreg00000157557062|REXMX|100.0
intor00000153306249|ioreg00000153306249|BTMBT|100.0
intor00000148831397|ioreg00000148831397|SEBRK|100.0
intor00000152490632|ioreg00000152490632|CMHBI|100.0
intor00000152344163|ioreg00000152344163|PBIMB|100.0
intor00000156764229|ioreg00000156764229|INDFI|60.0
intor00000154004877|ioreg00000154004877|ATLBE|100.0
intor00000156373911|ioreg00000156373911|YQMMS|30.0
intor00000147630856|ioreg00000147630856|LSECB|50.0
intor00000157173279|ioreg00000157173279|OCFLO|100.0
intor00000148316859|ioreg00000148316859|WJFLN|50.0
intor00000154240081|ioreg00000154240081|BOIAW|50.0
intor00000150154128|ioreg00000150154128|ATLPA|100.0
intor00000151771658|ioreg00000151771658|LBFAV|50.0
intor00000158209398|ioreg00000158209398|TLUZO|100.0
intor00000157796343|ioreg00000157796343|LSEMD|50.0
intor00000156370189|ioreg00000156370189|SEAAB|60.0
intor00000153277944|ioreg00000153277944|ABQIA|100.0
intor00000158045331|ioreg00000158045331|SDQIC|30.0
intor00000155677878|ioreg00000155677878|BMGTO|100.0
intor00000158191547|ioreg00000158191547|SDYEX|100.0
intor00000154240048|ioreg00000154240048|BNARP|100.0
intor00000154285772|ioreg00000154285772|UIZPB|100.0
intor00000154798639|ioreg00000154798639|YOWNP|50.0
intor00000154239675|ioreg00000154239675|AUSCD|50.0
intor00000154171685|ioreg00000154171685|MKCHR|100.0
intor00000154239966|ioreg00000154239966|SACSB|50.0
intor00000153402785|ioreg00000153402785|IDAIF|50.0
intor00000157534924|ioreg00000157534924|SANRX|50.0
intor00000150796944|ioreg00000150796944|PXCAL|100.0
intor00000154168212|ioreg00000154168212|BOIDT|100.0
intor00000155616122|ioreg00000155616122|YYZHX|150.0
intor00000156371810|ioreg00000156371810|SEAAB|60.0
intor00000153747515|ioreg00000153747515|CRTFL|100.0
intor00000152391091|ioreg00000152391091|GONCB|50.0
intor00000156017294|ioreg00000156017294|ANCAA|100.0
intor00000148245252|ioreg00000148245252|ATLST|50.0
intor00000153661203|ioreg00000153661203|OMABS|100.0
intor00000156079400|ioreg00000156079400|VANIL|30.0
intor00000154273437|ioreg00000154273437|ZYLMB|100.0
intor00000157439538|ioreg00000157439538|CHSCC|100.0
intor00000154239646|ioreg00000154239646|WTVLL|100.0
intor00000148011155|ioreg00000148011155|MKOCS|100.0
intor00000155861070|ioreg00000155861070|CHIOK|100.0
intor00000151567091|ioreg00000151567091|XTYCR|100.0
intor00000156369332|ioreg00000156369332|SEBRK|30.0
intor00000156513592|ioreg00000156513592|NYCAV|30.0
intor00000154248950|ioreg00000154248950|CHIAU|150.0
intor00000157697443|ioreg00000157697443|SATPO|100.0
intor00000155605347|ioreg00000155605347|MCKTX|100.0
intor00000157173953|ioreg00000157173953|CHINL|50.0
intor00000149682502|ioreg00000149682502|COUVO|100.0
intor00000156254285|ioreg00000156254285|CKVTN|100.0
intor00000154457998|ioreg00000154457998|MOBTL|100.0
intor00000155598474|ioreg00000155598474|CCNCH|50.0
intor00000155598466|ioreg00000155598466|SCLAP|100.0
intor00000154576772|ioreg00000154576772|TOPGN|100.0
intor00000150451545|ioreg00000150451545|MSYOF|100.0
intor00000148649984|ioreg00000148649984|ROCBA|100.0
intor00000155260293|ioreg00000155260293|WASRM|50.0
intor00000156260317|ioreg00000156260317|LIMMP|30.0
intor00000152613461|ioreg00000152613461|YULCC|100.0
intor00000153097307|ioreg00000153097307|DTTBS|100.0
intor00000148318347|ioreg00000148318347|FAYHM|100.0
intor00000155533791|ioreg00000155533791|FWBBH|100.0
intor00000148380899|ioreg00000148380899|BHMAP|100.0
intor00000150614070|ioreg00000150614070|WASHV|100.0
intor00000156935070|ioreg00000156935070|MKEHI|100.0
intor00000151353289|ioreg00000151353289|LIMMP|100.0
intor00000154240042|ioreg00000154240042|SLCDL|50.0
intor00000154472411|ioreg00000154472411|WSKRI|100.0
intor00000157176617|ioreg00000157176617|MOTAV|60.0
intor00000156395690|ioreg00000156395690|PCYHI|30.0
intor00000157046693|ioreg00000157046693|JAXAU|50.0
intor00000153175688|ioreg00000153175688|YVRBM|100.0
intor00000157173285|ioreg00000157173285|CKBFM|100.0
intor00000148144077|ioreg00000148144077|LBLLA|100.0
intor00000155677857|ioreg00000155677857|RSTSB|100.0
intor00000152772762|ioreg00000152772762|BHMBM|100.0
intor00000156380212|ioreg00000156380212|NYCAV|30.0
intor00000154256284|ioreg00000154256284|GDLUN|100.0
intor00000157546829|ioreg00000157546829|MAZPR|60.0
intor00000149078277|ioreg00000149078277|INDSS|100.0
intor00000155031282|ioreg00000155031282|TLUZO|30.0
intor00000155654761|ioreg00000155654761|MTYSN|100.0
intor00000154342358|ioreg00000154342358|COIAA|100.0
intor00000155598855|ioreg00000155598855|MCOJY|100.0
intor00000152643818|ioreg00000152643818|ELDED|100.0
intor00000154240015|ioreg00000154240015|ANCPA|50.0
intor00000154164778|ioreg00000154164778|CLTJR|100.0
intor00000154922209|ioreg00000154922209|VERCT|50.0
intor00000155677868|ioreg00000155677868|CAEHD|50.0
intor00000152344149|ioreg00000152344149|DWDVA|100.0
intor00000154575266|ioreg00000154575266|APNES|100.0
intor00000154273693|ioreg00000154273693|MSPAV|100.0
intor00000157152697|ioreg00000157152697|SGHIL|60.0
intor00000153177671|ioreg00000153177671|YYZHX|50.0
intor00000153053745|ioreg00000153053745|DTTRN|100.0
intor00000154239613|ioreg00000154239613|ORDBM|50.0
intor00000155154525|ioreg00000155154525|MQEMX|30.0
intor00000157152695|ioreg00000157152695|SGHIL|60.0
intor00000154240135|ioreg00000154240135|AYBCA|100.0
intor00000156618740|ioreg00000156618740|MKCTD|60.0
intor00000157430216|ioreg00000157430216|HERMX|100.0
intor00000157546827|ioreg00000157546827|MAZPR|60.0
intor00000154240099|ioreg00000154240099|JAXBB|50.0
intor00000149065483|ioreg00000149065483|FOEHS|100.0
intor00000157546828|ioreg00000157546828|MAZPR|60.0
intor00000155994253|ioreg00000155994253|LAPHE|100.0
intor00000151293979|ioreg00000151293979|CHIBS|100.0
intor00000155506240|ioreg00000155506240|SLWGP|100.0
intor00000154153861|ioreg00000154153861|YYZAV|150.0
intor00000153507822|ioreg00000153507822|DALVV|100.0
intor00000146974630|ioreg00000146974630|SCLEX|100.0
intor00000149574874|ioreg00000149574874|BHMBM|100.0
intor00000151741611|ioreg00000151741611|BEHSH|100.0
intor00000155755569|ioreg00000155755569|MNCTN|100.0
intor00000146677771|ioreg00000146677771|GVEKB|100.0
intor00000154239895|ioreg00000154239895|BWGSS|50.0
intor00000154811624|ioreg00000154811624|YWGSO|150.0
intor00000154239928|ioreg00000154239928|HBITD|50.0
intor00000157444852|ioreg00000157444852|MEXRE|100.0
intor00000148241709|ioreg00000148241709|ETSAL|100.0
intor00000152139958|ioreg00000152139958|YCACN|100.0
intor00000154240063|ioreg00000154240063|ELPSD|100.0
intor00000147629906|ioreg00000147629906|SLFMS|100.0
intor00000154922235|ioreg00000154922235|WMCNV|50.0
intor00000157173183|ioreg00000157173183|AGSBR|100.0
intor00000156764231|ioreg00000156764231|INDFI|60.0
intor00000154922241|ioreg00000154922241|MIAEP|50.0
intor00000156644250|ioreg00000156644250|SADNJ|60.0
intor00000154922212|ioreg00000154922212|WASHA|100.0
intor00000154459558|ioreg00000154459558|TPAAP|50.0
intor00000150741041|ioreg00000150741041|YHZDJ|150.0
intor00000154916885|ioreg00000154916885|YQVBE|50.0
intor00000156518921|ioreg00000156518921|AHNCM|30.0
intor00000158068494|ioreg00000158068494|DALTP|100.0
intor00000157555089|ioreg00000157555089|OCHNT|50.0
intor00000156368789|ioreg00000156368789|ROAOA|30.0
intor00000154239987|ioreg00000154239987|OSBMO|100.0
intor00000156368348|ioreg00000156368348|YYZWB|30.0
intor00000154240093|ioreg00000154240093|DTTES|100.0
intor00000149841700|ioreg00000149841700|DFWGS|100.0
intor00000154455305|ioreg00000154455305|MDEHA|50.0
intor00000154240021|ioreg00000154240021|CVGML|100.0
intor00000158073711|ioreg00000158073711|BURMP|100.0
intor00000152137758|ioreg00000152137758|GLSEN|100.0
intor00000156370574|ioreg00000156370574|BTRYO|30.0
intor00000156254276|ioreg00000156254276|INDES|100.0
intor00000148595958|ioreg00000148595958|CVGAV|100.0
intor00000154350909|ioreg00000154350909|MKCGV|100.0
intor00000152352505|ioreg00000152352505|ATLTM|100.0
intor00000157562465|ioreg00000157562465|FYVWJ|50.0
intor00000154239972|ioreg00000154239972|WASBS|50.0
intor00000154249104|ioreg00000154249104|ATMOR|100.0
intor00000147380523|ioreg00000147380523|BTWCA|100.0
intor00000155677875|ioreg00000155677875|DKSON|100.0
intor00000156392987|ioreg00000156392987|BHZBH|30.0
intor00000153627083|ioreg00000153627083|PGFTL|100.0
intor00000154577723|ioreg00000154577723|VANIL|50.0
intor00000152396005|ioreg00000152396005|YULCA|100.0
intor00000148158728|ioreg00000148158728|WVCHI|50.0
intor00000150624846|ioreg00000150624846|VSAVH|100.0
intor00000154831734|ioreg00000154831734|OMAFC|100.0
intor00000154496563|ioreg00000154496563|ATLAR|100.0
intor00000155476595|ioreg00000155476595|NYCAS|100.0
intor00000154239622|ioreg00000154239622|EKIST|100.0
intor00000148444279|ioreg00000148444279|HIAGA|100.0
intor00000150715491|ioreg00000150715491|EKINO|100.0
intor00000155144087|ioreg00000155144087|TYSPM|100.0
intor00000155139986|ioreg00000155139986|MEXHA|100.0
intor00000155261090|ioreg00000155261090|CHAER|100.0
intor00000158310101|ioreg00000158310101|DFWNH|100.0
intor00000156361194|ioreg00000156361194|YOODT|30.0
intor00000155034454|ioreg00000155034454|YLLSK|100.0
intor00000153507506|ioreg00000153507506|BKRRH|100.0
intor00000154240087|ioreg00000154240087|SGHSS|100.0
intor00000155127591|ioreg00000155127591|ZYLEA|100.0
intor00000154239963|ioreg00000154239963|SEAMV|50.0
intor00000153214417|ioreg00000153214417|HOUMS|100.0
intor00000156275734|ioreg00000156275734|SEAAB|50.0
intor00000153675253|ioreg00000153675253|AUSRR|100.0
intor00000150780672|ioreg00000150780672|PHXWB|100.0
intor00000156387120|ioreg00000156387120|LEXAC|30.0
intor00000148454262|ioreg00000148454262|JASES|50.0
intor00000154907926|ioreg00000154907926|MGAGD|30.0
intor00000152132986|ioreg00000152132986|PLSGC|100.0
intor00000155166560|ioreg00000155166560|PGASV|100.0
intor00000151760108|ioreg00000151760108|YYCDM|100.0
intor00000158085700|ioreg00000158085700|ISMML|100.0
intor00000151880254|ioreg00000151880254|SKACW|100.0
intor00000156017383|ioreg00000156017383|ANCAA|100.0
intor00000153214431|ioreg00000153214431|BHMQR|50.0
intor00000148572372|ioreg00000148572372|PHXMZ|100.0
intor00000155987289|ioreg00000155987289|TRYOH|100.0
intor00000154469810|ioreg00000154469810|STLHI|100.0
intor00000156645401|ioreg00000156645401|SADNJ|60.0
intor00000152945573|ioreg00000152945573|TXKHI|100.0
intor00000155477064|ioreg00000155477064|MTLNJ|50.0
intor00000156064092|ioreg00000156064092|TRYOH|50.0
intor00000154605777|ioreg00000154605777|MIAHG|100.0
intor00000154483797|ioreg00000154483797|BHMBS|50.0
intor00000154239975|ioreg00000154239975|PTNMG|50.0
intor00000154460062|ioreg00000154460062|MGMCP|100.0
intor00000153806778|ioreg00000153806778|ARKXS|100.0
intor00000156254296|ioreg00000156254296|MCOJY|100.0
intor00000155155293|ioreg00000155155293|YGKES|150.0
intor00000155241878|ioreg00000155241878|SANEX|100.0
intor00000147473467|ioreg00000147473467|YVRIA|150.0
intor00000149017829|ioreg00000149017829|DFWPN|100.0
intor00000157173186|ioreg00000157173186|VVVCA|100.0
intor00000152344125|ioreg00000152344125|DFWPN|100.0
intor00000151759049|ioreg00000151759049|YYCDM|50.0
intor00000156764230|ioreg00000156764230|INDFI|60.0
intor00000157167134|ioreg00000157167134|YKMYW|100.0
intor00000155331259|ioreg00000155331259|TXKGN|100.0
intor00000146210375|ioreg00000146210375|LAPGO|100.0
intor00000157418138|ioreg00000157418138|BJXGC|100.0
intor00000154240027|ioreg00000154240027|WDGKF|50.0
intor00000157778700|ioreg00000157778700|CGSSS|100.0
intor00000157546830|ioreg00000157546830|MAZPR|60.0
intor00000151175465|ioreg00000151175465|BLHEX|100.0
intor00000146559142|ioreg00000146559142|ROWNM|100.0
intor00000152637353|ioreg00000152637353|INTMS|100.0
intor00000154239684|ioreg00000154239684|LAXLB|100.0
intor00000154458842|ioreg00000154458842|HOUUS|50.0
intor00000157955504|ioreg00000157955504|MZTMS|100.0
intor00000153742157|ioreg00000153742157|LMMLS|100.0
intor00000156771693|ioreg00000156771693|OTROR|100.0
intor00000152239251|ioreg00000152239251|GADAV|50.0
intor00000148734663|ioreg00000148734663|LAXWM|100.0
intor00000156514916|ioreg00000156514916|WWRCW|100.0
intor00000155040019|ioreg00000155040019|MGAJS|100.0
intor00000154384882|ioreg00000154384882|GLSEN|100.0
intor00000155677902|ioreg00000155677902|CHICI|100.0
intor00000153910300|ioreg00000153910300|SUXAV|30.0
intor00000157432508|ioreg00000157432508|ATLRS|100.0
intor00000155755554|ioreg00000155755554|BNAGO|100.0
intor00000155241881|ioreg00000155241881|HGRBW|100.0
intor00000155482026|ioreg00000155482026|ATLRS|50.0
intor00000158326587|ioreg00000158326587|MTYSP|50.0
intor00000154479588|ioreg00000154479588|GLBXS|100.0
intor00000155480297|ioreg00000155480297|WASDY|30.0
intor00000152923203|ioreg00000152923203|BHMAP|100.0
intor00000153283498|ioreg00000153283498|BELCA|50.0
intor00000156254292|ioreg00000156254292|SLCLT|100.0
intor00000154045789|ioreg00000154045789|CRTFL|100.0
intor00000157545089|ioreg00000157545089|REXMX|100.0
intor00000155409119|ioreg00000155409119|YULCA|100.0
intor00000154459705|ioreg00000154459705|HCFLD|100.0
intor00000156376660|ioreg00000156376660|LAWAT|30.0
intor00000154239918|ioreg00000154239918|ATLMU|50.0
intor00000156919281|ioreg00000156919281|BOGAP|100.0
intor00000155619576|ioreg00000155619576|GNWIN|50.0
intor00000154240012|ioreg00000154240012|DVNMS|100.0
intor00000154239688|ioreg00000154239688|AUSMN|50.0
intor00000150749931|ioreg00000150749931|AVLPA|50.0
intor00000154249114|ioreg00000154249114|HOBCD|100.0
intor00000157439750|ioreg00000157439750|BWGSB|50.0
intor00000156277394|ioreg00000156277394|LWCOT|30.0
intor00000155040468|ioreg00000155040468|MQERG|100.0
intor00000150814024|ioreg00000150814024|YEGEM|100.0
intor00000154240138|ioreg00000154240138|YYZBM|50.0
intor00000156006290|ioreg00000156006290|MGCMI|30.0
intor00000155489370|ioreg00000155489370|FSDRS|100.0
intor00000153917892|ioreg00000153917892|ATLLG|100.0
intor00000155873917|ioreg00000155873917|CKVTN|100.0
intor00000150639296|ioreg00000150639296|TXKHI|100.0
intor00000150814894|ioreg00000150814894|YEGEM|100.0
intor00000157173289|ioreg00000157173289|RFDIL|100.0
intor00000157778697|ioreg00000157778697|SLRSS|100.0
intor00000156397506|ioreg00000156397506|MEXAI|30.0
intor00000156380825|ioreg00000156380825|LIMHA|30.0
intor00000151468829|ioreg00000151468829|TUSFA|100.0
intor00000157152696|ioreg00000157152696|SGHIL|60.0
intor00000151130960|ioreg00000151130960|XTYCR|150.0
intor00000157949046|ioreg00000157949046|RGGAR|100.0
intor00000155677859|ioreg00000155677859|MCORV|100.0
intor00000153762034|ioreg00000153762034|PHXWW|100.0
intor00000155677845|ioreg00000155677845|CHIDG|100.0
intor00000148513972|ioreg00000148513972|OLDFL|100.0
intor00000154922206|ioreg00000154922206|MLBQQ|100.0
intor00000155677847|ioreg00000155677847|LFTSC|100.0
intor00000156777943|ioreg00000156777943|BJXRR|100.0
intor00000154375517|ioreg00000154375517|DALSH|100.0
intor00000157801911|ioreg00000157801911|SYRDW|60.0
intor00000150715030|ioreg00000150715030|EKINO|100.0
intor00000156174039|ioreg00000156174039|EWNNB|50.0
intor00000153917970|ioreg00000153917970|ATLLG|50.0
intor00000156767597|ioreg00000156767597|SADNJ|60.0
intor00000154239960|ioreg00000154239960|CNTRX|50.0
intor00000156348539|ioreg00000156348539|YMQLV|30.0
intor00000153292035|ioreg00000153292035|RICBD|100.0
intor00000154887299|ioreg00000154887299|AUALB|30.0
intor00000146668934|ioreg00000146668934|ROCJR|100.0
intor00000148381737|ioreg00000148381737|STLEX|100.0
intor00000146192852|ioreg00000146192852|GJTMM|100.0
intor00000154240102|ioreg00000154240102|CNTRX|50.0
intor00000157450263|ioreg00000157450263|BJXGC|100.0
intor00000148449477|ioreg00000148449477|MZTMS|100.0
intor00000149871428|ioreg00000149871428|LNKCW|100.0
intor00000156374901|ioreg00000156374901|HOUTA|100.0
intor00000148569460|ioreg00000148569460|AUZYV|100.0
intor00000154239909|ioreg00000154239909|LAXAW|100.0
intor00000153087444|ioreg00000153087444|YCWCW|50.0
intor00000148632128|ioreg00000148632128|BWROH|100.0
intor00000156016357|ioreg00000156016357|ANCAA|100.0
intor00000150454185|ioreg00000150454185|MSYOF|100.0
intor00000157316755|ioreg00000157316755|CHSMT|100.0
intor00000149429245|ioreg00000149429245|ATLKR|100.0
intor00000155041937|ioreg00000155041937|BJXAP|100.0
intor00000153171340|ioreg00000153171340|MSNBH|50.0
intor00000157546826|ioreg00000157546826|MAZPR|60.0
intor00000150455272|ioreg00000150455272|MSYOF|100.0
intor00000157816856|ioreg00000157816856|CMEGS|100.0
intor00000156397569|ioreg00000156397569|MGAHA|100.0
intor00000156368046|ioreg00000156368046|HBITD|30.0
intor00000156067733|ioreg00000156067733|PSGMP|30.0
intor00000150815373|ioreg00000150815373|MEMWR|100.0
intor00000156145965|ioreg00000156145965|MNZSF|100.0
intor00000158093330|ioreg00000158093330|MKEPP|100.0
intor00000157299355|ioreg00000157299355|CHIAR|100.0
intor00000155677881|ioreg00000155677881|CLTFD|100.0
intor00000148950721|ioreg00000148950721|AUSYH|100.0
intor00000150455536|ioreg00000150455536|MSYOF|100.0
intor00000154658885|ioreg00000154658885|CVGER|100.0
intor00000154059364|ioreg00000154059364|SPRSH|100.0
intor00000148452007|ioreg00000148452007|MSYSR|50.0
intor00000154240033|ioreg00000154240033|BTMBT|50.0
intor00000153214393|ioreg00000153214393|LEXMS|100.0
intor00000152344128|ioreg00000152344128|FAHAL|100.0
intor00000148310057|ioreg00000148310057|OKCRA|100.0
intor00000148308440|ioreg00000148308440|DTTWB|100.0
intor00000154000022|ioreg00000154000022|MKEHI|100.0
intor00000154586931|ioreg00000154586931|WTVLL|100.0
intor00000157446573|ioreg00000157446573|GDLIT|100.0
intor00000158045332|ioreg00000158045332|SDQIC|30.0
intor00000147551802|ioreg00000147551802|CHORR|50.0
intor00000154922188|ioreg00000154922188|BUFWL|100.0
intor00000157801912|ioreg00000157801912|SYRDW|60.0
intor00000148571509|ioreg00000148571509|SANEX|100.0
intor00000155599566|ioreg00000155599566|VJIAD|100.0
intor00000156764233|ioreg00000156764233|INDFI|60.0
intor00000155598471|ioreg00000155598471|SLWVC|100.0
intor00000151622870|ioreg00000151622870|XLVNF|100.0
intor00000155574633|ioreg00000155574633|MCNNW|100.0
intor00000152765641|ioreg00000152765641|MZTMS|100.0
intor00000156254308|ioreg00000156254308|DFWJC|100.0
intor00000155153549|ioreg00000155153549|CUCCO|100.0
intor00000152941301|ioreg00000152941301|TXKHI|100.0
intor00000156371487|ioreg00000156371487|SEAAB|60.0
intor00000155740503|ioreg00000155740503|GDLVO|100.0
intor00000154168658|ioreg00000154168658|PITNS|100.0
intor00000154240141|ioreg00000154240141|ZYLMB|100.0
intor00000156381336|ioreg00000156381336|YYZEP|30.0
intor00000155027996|ioreg00000155027996|YGKES|150.0
intor00000156392547|ioreg00000156392547|GJTHS|100.0
intor00000156253888|ioreg00000156253888|YQFSB|150.0
intor00000151974281|ioreg00000151974281|HBGMS|100.0
intor00000152521321|ioreg00000152521321|JMBCR|50.0
intor00000154184713|ioreg00000154184713|EKORV|100.0
intor00000148442662|ioreg00000148442662|MDTEB|100.0
intor00000147644885|ioreg00000147644885|ORLCM|100.0
intor00000157426557|ioreg00000157426557|GDLVI|100.0
intor00000158517024|ioreg00000158517024|XVVON|60.0
intor00000153311497|ioreg00000153311497|SPFEZ|100.0
intor00000155850600|ioreg00000155850600|EHPPA|150.0
intor00000155018535|ioreg00000155018535|TRYOH|100.0
intor00000157804088|ioreg00000157804088|MPTPS|100.0
intor00000154352452|ioreg00000154352452|YKDKC|150.0
intor00000153749954|ioreg00000153749954|MCOOS|100.0
intor00000154536141|ioreg00000154536141|DICND|100.0
intor00000155241877|ioreg00000155241877|GRRWK|50.0
intor00000155730272|ioreg00000155730272|AZOPL|100.0
intor00000156379414|ioreg00000156379414|GCMSM|30.0
intor00000154458845|ioreg00000154458845|BTOSC|100.0
intor00000155870625|ioreg00000155870625|INDFH|100.0
intor00000152344158|ioreg00000152344158|ORFWW|100.0
intor00000147088627|ioreg00000147088627|CKVTN|100.0
intor00000153829652|ioreg00000153829652|YHMHA|100.0
intor00000155501333|ioreg00000155501333|LBBHS|100.0
intor00000151895093|ioreg00000151895093|YEGEM|100.0
intor00000158305531|ioreg00000158305531|OEAIN|100.0
intor00000157551095|ioreg00000157551095|FMYCF|50.0
intor00000155889072|ioreg00000155889072|LOVMX|100.0
intor00000153190048|ioreg00000153190048|PHXFF|100.0
intor00000149693983|ioreg00000149693983|PHXEA|100.0
intor00000153978888|ioreg00000153978888|PUELN|100.0
intor00000153852033|ioreg00000153852033|PXCAL|100.0
intor00000154817882|ioreg00000154817882|STLCR|100.0
intor00000156269215|ioreg00000156269215|LOVES|50.0
intor00000153660575|ioreg00000153660575|SBRGA|100.0
intor00000157152693|ioreg00000157152693|SGHIL|60.0
intor00000153402789|ioreg00000153402789|SATCM|100.0
intor00000154459549|ioreg00000154459549|LBLER|50.0
intor00000153695095|ioreg00000153695095|BGMVE|50.0
intor00000156377317|ioreg00000156377317|HOUMS|100.0
intor00000157445084|ioreg00000157445084|GDLIT|100.0
intor00000154240075|ioreg00000154240075|PRROK|100.0
intor00000154239957|ioreg00000154239957|SUEMN|50.0
intor00000154240000|ioreg00000154240000|PFNBE|50.0
intor00000156363467|ioreg00000156363467|LEXAC|30.0
intor00000146284233|ioreg00000146284233|BXYSP|100.0
intor00000154959080|ioreg00000154959080|YTOYM|100.0
intor00000154795469|ioreg00000154795469|DTTWA|100.0
intor00000149048476|ioreg00000149048476|INDEE|100.0
intor00000152344169|ioreg00000152344169|OMAAD|100.0
intor00000155614846|ioreg00000155614846|OTROR|100.0
intor00000154240129|ioreg00000154240129|IDAPD|100.0
intor00000156511423|ioreg00000156511423|TRYOH|100.0
intor00000157825606|ioreg00000157825606|LAXWM|100.0
intor00000155614953|ioreg00000155614953|RFDIL|100.0
intor00000155257795|ioreg00000155257795|CLTQU|100.0
intor00000157127543|ioreg00000157127543|MEXVC|100.0
intor00000154249110|ioreg00000154249110|PVUVD|50.0
intor00000154801353|ioreg00000154801353|YRDWS|50.0
intor00000153808710|ioreg00000153808710|RDGPA|100.0
intor00000153179365|ioreg00000153179365|JNCWS|100.0
intor00000156264416|ioreg00000156264416|WMGNO|30.0
intor00000156756607|ioreg00000156756607|LIMMP|30.0
intor00000155031283|ioreg00000155031283|TLUZO|30.0
intor00000153404487|ioreg00000153404487|OKCSS|100.0
intor00000154265470|ioreg00000154265470|GLETX|100.0
intor00000150335199|ioreg00000150335199|SAVJU|100.0
intor00000156622073|ioreg00000156622073|CTGEX|30.0
intor00000154270162|ioreg00000154270162|YHMHA|50.0
intor00000156516983|ioreg00000156516983|TCLIN|30.0
intor00000153034117|ioreg00000153034117|BJCES|100.0
intor00000155492633|ioreg00000155492633|EAGES|100.0
intor00000155871901|ioreg00000155871901|YQVBE|50.0
intor00000148523543|ioreg00000148523543|CSNBR|100.0
intor00000155150523|ioreg00000155150523|SLPSB|100.0
intor00000148384441|ioreg00000148384441|PNSFL|100.0
intor00000155262975|ioreg00000155262975|WASNE|100.0
intor00000154239660|ioreg00000154239660|ICTKS|100.0
intor00000156268851|ioreg00000156268851|WASCB|100.0
intor00000152761813|ioreg00000152761813|DTTES|100.0
intor00000154239625|ioreg00000154239625|MIADO|100.0
intor00000155499634|ioreg00000155499634|SRBEX|100.0
intor00000156363840|ioreg00000156363840|SEAAB|30.0
intor00000148479259|ioreg00000148479259|FRBCW|100.0
intor00000157431020|ioreg00000157431020|LEXSN|100.0
intor00000154458836|ioreg00000154458836|SNCCA|50.0
intor00000157167997|ioreg00000157167997|SEASM|50.0
intor00000156769063|ioreg00000156769063|SRTSC|60.0
intor00000148151793|ioreg00000148151793|MKLJE|100.0
intor00000146786623|ioreg00000146786623|AZOAV|100.0
intor00000158207349|ioreg00000158207349|SBSSS|50.0
intor00000153486548|ioreg00000153486548|IROAL|100.0
intor00000152762144|ioreg00000152762144|DTTES|100.0
intor00000113095937|ioreg00000113095937|LIMMP|30.0
intor00000157994593|ioreg00000157994593|GDVES|100.0
intor00000152634414|ioreg00000152634414|SEASM|100.0
intor00000154239954|ioreg00000154239954|CVELD|100.0
intor00000157158726|ioreg00000157158726|TNREX|100.0
intor00000150164160|ioreg00000150164160|FAYCD|100.0
intor00000151972993|ioreg00000151972993|YXEES|300.0
intor00000158857923|ioreg00000158857923|OKCTW|1500.0
intor00000155598484|ioreg00000155598484|MTYCC|100.0
intor00000152382666|ioreg00000152382666|PEQSB|100.0
intor00000154356777|ioreg00000154356777|NLDBC|100.0
intor00000153278784|ioreg00000153278784|MEXRE|100.0
intor00000155497876|ioreg00000155497876|GAYMI|100.0
intor00000154284909|ioreg00000154284909|NYCNJ|100.0
intor00000147837464|ioreg00000147837464|SEMCA|100.0
intor00000156640636|ioreg00000156640636|SLWVC|100.0
intor00000156372114|ioreg00000156372114|HIOHO|30.0
intor00000148518114|ioreg00000148518114|ATWWI|100.0
intor00000156618803|ioreg00000156618803|MKCTD|60.0
intor00000148448634|ioreg00000148448634|ATLCR|50.0
intor00000154346962|ioreg00000154346962|MTRIL|100.0
intor00000149984777|ioreg00000149984777|MSYOF|100.0
intor00000150481085|ioreg00000150481085|ATLWW|100.0
intor00000156764228|ioreg00000156764228|INDFI|60.0
intor00000155502480|ioreg00000155502480|GDLIT|100.0
intor00000157525096|ioreg00000157525096|BAQBC|100.0
intor00000147545361|ioreg00000147545361|AHNDT|100.0
intor00000154455265|ioreg00000154455265|GFNSC|100.0
intor00000154367752|ioreg00000154367752|ORFAT|50.0
intor00000157173177|ioreg00000157173177|CRPSB|50.0
intor00000154385686|ioreg00000154385686|NHKLP|100.0
intor00000151395546|ioreg00000151395546|OMADS|100.0
intor00000148574190|ioreg00000148574190|MSYKE|100.0
intor00000157414263|ioreg00000157414263|PFNSR|100.0
intor00000148938096|ioreg00000148938096|BILBI|100.0
intor00000157963648|ioreg00000157963648|CHAGO|60.0
intor00000155600997|ioreg00000155600997|CUCCO|100.0
intor00000154360253|ioreg00000154360253|BNATN|100.0
intor00000154505303|ioreg00000154505303|IAGGL|100.0
intor00000156370879|ioreg00000156370879|CRPNV|30.0
intor00000155629780|ioreg00000155629780|SLWVC|100.0
intor00000152726597|ioreg00000152726597|YYZMS|300.0
intor00000153750048|ioreg00000153750048|WASFX|100.0
intor00000156379473|ioreg00000156379473|PVRFL|100.0
intor00000156376118|ioreg00000156376118|INDFI|30.0
intor00000154249108|ioreg00000154249108|OSBMO|100.0
intor00000156077025|ioreg00000156077025|MOBWD|30.0
intor00000151856390|ioreg00000151856390|ORFBR|100.0
intor00000149852137|ioreg00000149852137|SEBRK|100.0
intor00000147752066|ioreg00000147752066|PIEFL|50.0
intor00000147921019|ioreg00000147921019|DALES|50.0
intor00000154240045|ioreg00000154240045|PDXSO|50.0
intor00000156371504|ioreg00000156371504|YQMMS|30.0
intor00000151878618|ioreg00000151878618|HOUBD|50.0
intor00000149411391|ioreg00000149411391|TXKNG|100.0
intor00000157182970|ioreg00000157182970|YYCBA|100.0
intor00000157173287|ioreg00000157173287|GCKAN|100.0
intor00000157546831|ioreg00000157546831|MAZPR|60.0
intor00000154759418|ioreg00000154759418|CHAER|50.0
intor00000154459543|ioreg00000154459543|OKCYA|50.0
intor00000154239912|ioreg00000154239912|HGRHV|50.0
intor00000153409376|ioreg00000153409376|AMAAM|100.0
intor00000147631100|ioreg00000147631100|CLPVA|100.0
intor00000149390542|ioreg00000149390542|DFWPN|100.0
intor00000146786706|ioreg00000146786706|AZOAV|100.0
intor00000153214385|ioreg00000153214385|SRUES|100.0
intor00000147387499|ioreg00000147387499|GADFP|50.0
intor00000148478776|ioreg00000148478776|CHSAS|100.0
intor00000149984489|ioreg00000149984489|MSYOF|100.0
intor00000157165675|ioreg00000157165675|SLWVC|100.0
intor00000154813477|ioreg00000154813477|BPTTX|100.0
intor00000152361737|ioreg00000152361737|AGSBR|100.0
intor00000156913129|ioreg00000156913129|ETSAL|100.0
intor00000152639540|ioreg00000152639540|MRYPG|100.0
intor00000151618055|ioreg00000151618055|XLVNF|100.0
intor00000149390535|ioreg00000149390535|DFWPN|100.0
intor00000150582517|ioreg00000150582517|DIKCW|100.0
intor00000148345603|ioreg00000148345603|BVUNE|100.0
intor00000147834584|ioreg00000147834584|STCWM|100.0
intor00000156511603|ioreg00000156511603|PCYHI|30.0
intor00000157999399|ioreg00000157999399|SJCDA|100.0
intor00000157949847|ioreg00000157949847|CJEBR|100.0
intor00000154240108|ioreg00000154240108|JANCW|50.0
intor00000154371876|ioreg00000154371876|YCWCW|300.0
intor00000156633821|ioreg00000156633821|SJDSL|100.0
intor00000157173283|ioreg00000157173283|BGIID|50.0
intor00000147470684|ioreg00000147470684|GLSGV|100.0
intor00000152951447|ioreg00000152951447|TXKHI|100.0
intor00000154239672|ioreg00000154239672|OKCSS|50.0
intor00000150765818|ioreg00000150765818|GRRDS|50.0
intor00000151851016|ioreg00000151851016|YEGWE|300.0
intor00000148513509|ioreg00000148513509|ELMPP|50.0
intor00000155504907|ioreg00000155504907|VSASA|100.0
intor00000152004745|ioreg00000152004745|FDPSB|50.0
intor00000152253545|ioreg00000152253545|PCFMD|100.0
intor00000154798621|ioreg00000154798621|BLLEX|100.0
intor00000156387113|ioreg00000156387113|SADNJ|30.0
intor00000152344136|ioreg00000152344136|MCOCM|100.0
intor00000158517023|ioreg00000158517023|XVVON|60.0
intor00000148583202|ioreg00000148583202|PLSGC|50.0
intor00000155607586|ioreg00000155607586|ABQAR|100.0
intor00000148714251|ioreg00000148714251|JNCWS|100.0
intor00000152656210|ioreg00000152656210|LAXIH|100.0
intor00000146195073|ioreg00000146195073|MKCAD|100.0
intor00000154719581|ioreg00000154719581|UBSSN|100.0
intor00000156761092|ioreg00000156761092|MIDDT|50.0
intor00000155025017|ioreg00000155025017|DSMDX|50.0
intor00000150452956|ioreg00000150452956|HUMGL|100.0
intor00000154464671|ioreg00000154464671|HGRHV|100.0
intor00000157192742|ioreg00000157192742|XLVNL|50.0
intor00000148735859|ioreg00000148735859|TXKGN|100.0
intor00000156923211|ioreg00000156923211|CLLNS|100.0
intor00000154798631|ioreg00000154798631|PHXEG|100.0
intor00000151593515|ioreg00000151593515|MIAHC|100.0
intor00000154375956|ioreg00000154375956|PSFID|100.0
intor00000151743065|ioreg00000151743065|ORFBR|100.0
intor00000154240051|ioreg00000154240051|CHSMT|50.0
intor00000154582390|ioreg00000154582390|BHMBE|100.0
intor00000154799700|ioreg00000154799700|CHIBU|50.0
intor00000149271315|ioreg00000149271315|PFNSR|100.0
intor00000157277667|ioreg00000157277667|THVEA|60.0
intor00000154001235|ioreg00000154001235|GRRYM|50.0
intor00000156509956|ioreg00000156509956|MXLBC|30.0
intor00000154463906|ioreg00000154463906|YYZBM|100.0
intor00000154240057|ioreg00000154240057|CTHMS|100.0
intor00000155160072|ioreg00000155160072|MDEEX|100.0
intor00000152689251|ioreg00000152689251|VEAAV|100.0
intor00000155036461|ioreg00000155036461|YHMWE|150.0
intor00000157621846|ioreg00000157621846|HOPKN|100.0
intor00000154240096|ioreg00000154240096|FLLCC|100.0
intor00000150452202|ioreg00000150452202|HUMGL|100.0
intor00000156362355|ioreg00000156362355|PRAEX|30.0
intor00000154239984|ioreg00000154239984|DTTAP|100.0
intor00000156378513|ioreg00000156378513|LEXAC|30.0
intor00000154464803|ioreg00000154464803|BJCES|60.0
intor00000153501810|ioreg00000153501810|YOWKE|100.0
intor00000156507034|ioreg00000156507034|TMAEX|30.0
intor00000154382805|ioreg00000154382805|STLAP|100.0
intor00000154239283|ioreg00000154239283|CXOTX|-100.0
TRL|0000000678
